price,size,rooms,address
" CHF 3,110.– / month",96m² living space ,4.5 rooms ,"Rennweg 30, 8001 Zürich"
" CHF 6,210.– / month",140m² living space ,5.5 rooms ,"Bellariastrasse 56, 8038 Zürich"
" CHF 5,440.– / month",156m² living space ,5.5 rooms ,"Kleinertstrasse 2, 8037 Zürich"
" CHF 1,820.– / month",48m² living space ,3.5 rooms ,"Langmauerstrasse 25, 8006 Zürich"
" CHF 2,520.– / month",58m² living space ,3 rooms ,"Hohlstrasse 486, 8048 Zürich"
" CHF 6,080.– / month",135m² living space ,4.5 rooms ,"Ankerstrasse 114, 8004 Zürich"
" CHF 5,040.– / month",166m² living space ,5.5 rooms ,"Leutschenbachstrasse 40, 8050 Zürich"
 CHF 710.– / week,46m² living space ,3.5 rooms ,"Hagenholzstrasse 59, 8050 Zürich"
" CHF 4,820.– / month",185m² living space ,2 rooms ,"Militärstrasse 105, 8004 Zürich"
" CHF 14,180.– / month",320m² living space ,10.5 rooms ,"Höschgasse 29, 8008 Zürich"
" CHF 4,670.– / month",113m² living space ,4.5 rooms ,"Zollikerstrasse 6, 8008 Zürich"
" CHF 8,830.– / month",270m² living space ,6 rooms ,"Frohburgstrasse 72, 8057 Zürich"
" CHF 6,050.– / month",185m² living space ,6 rooms ,"Frohburgstrasse 320, 8057 Zürich"
" CHF 7,050.– / month",149m² living space ,5.5 rooms ,"Ankerstrasse 114, 8004 Zürich"
" CHF 7,940.– / month",166m² living space ,3 rooms ,"Ankerstrasse 114, 8004 Zürich"
" CHF 3,810.– / month",82m² living space ,3.5 rooms ,"Zollikerstrasse 6, 8008 Zürich"
" CHF 8,680.– / month",140m² living space ,5.5 rooms ,"Zollikerstrasse 6, 8008 Zürich"
" CHF 6,900.– / month",150m² living space ,5.5 rooms ,"Scheideggstrasse 65, 8002 Zürich"
" CHF 5,860.– / month",160m² living space ,5.5 rooms ,"Käferholzstrasse 32, 8057 Zürich"
" CHF 74,250.– / month",149m² living space ,5.5 rooms ,8008 Zürich
" CHF 4,000.– / month",126m² living space ,4.5 rooms ,"Goldauerstrasse, 8006 Zürich"
" CHF 5,860.– / month",140m² living space ,5.5 rooms ,"Hönggerstrasse, 8037 Zürich"
" CHF 4,140.– / month",179m² living space ,5.5 rooms ,"Höfliweg 24, 8055 Zürich"
" CHF 6,280.– / month",140m² living space ,5.5 rooms ,"Münstergasse 9, 8001 Zürich"
" CHF 4,300.– / month",175m² living space ,5.5 rooms ,"Maneggplatz 14, 8041 Zürich"
" CHF 2,860.– / month",80m² living space ,3.5 rooms ,"Eugen-Huber-Str. 115, 8048 Zürich"
" CHF 5,170.– / month",140m² living space ,7.5 rooms ,"Giblenstrasse 55, 8049 Zürich"
" CHF 7,280.– / month",170m² living space ,7.5 rooms ,"Alfred Escher-Strasse 27, 8002 Zürich"
" CHF 2,760.– / month",56m² living space ,3.5 rooms ,"Eugen-Huber-Strasse 64, 8048 Zürich"
" CHF 4,820.– / month",137m² living space ,4.5 rooms ,"Delphinstrasse 6, 8008 Zürich"
" CHF 4,060.– / month",94m² living space ,4.5 rooms ,"Hohlstrasse 104, 8004 Zürich"
" CHF 4,240.– / month",143m² living space ,5.5 rooms ,"Triemlistrasse 153, 8047 Zürich"
" CHF 4,240.– / month",126m² living space ,4.5 rooms ,"Forchstrasse 251, 8032 Zürich"
" CHF 4,920.– / month",145m² living space ,5.5 rooms ,"Zurlindenstrasse 51, 8003 Zürich"
" CHF 1,780.– / month",124m² living space ,2 rooms ,"Im Altried 3B, 8051 Zürich"
" CHF 6,280.– / month",160m² living space ,7.5 rooms ,"Käferholzstrasse 46, 8057 Zürich"
" CHF 2,790.– / month",101m² living space ,3.5 rooms ,"Kalkbreitestr. 115, 8003 Zürich"
" CHF 3,450.– / month",151m² living space ,5.5 rooms ,"Hardaustrasse 23, 8003 Zürich"
" CHF 6,230.– / month",,7.5 rooms ,"Schulhausstrasse 55, 8002 Zürich"
" CHF 7,980.– / month",210m² living space ,8.5 rooms ,"Saumackerstrasse 68, 8048 Zürich"
" CHF 4,560.– / month",137m² living space ,5.5 rooms ,"Badenerstrasse 672, 8048 Zürich"
 Price on request ,320m² living space ,8.5 rooms ,8044 Zürich
" CHF 7,800.– / month",180m² living space ,6 rooms ,"Susenbergstrasse 187, 8044 Zürich"
" CHF 3,590.– / month",153m² living space ,5.5 rooms ,"Seefeldstrasse 220, 8008 Zürich"
" CHF 3,710.– / month",128m² living space ,5 rooms ,"Bockhornstrasse 27, 8047 Zürich"
" CHF 5,490.– / month",187m² living space ,5.5 rooms ,"Hofstrasse 124, 8044 Zürich"
" CHF 4,230.– / month",164m² living space ,5.5 rooms ,"Apfelbaumstrasse 15, 8050 Zürich"
" CHF 2,790.– / month",90m² living space ,3.5 rooms ,"Dachslernstrasse 85A, 8048 Zürich"
" CHF 12,610.– / month",340m² living space ,10 rooms ,8038 Zürich
" CHF 3,260.– / month",187m² living space ,4.5 rooms ,"Hohlstrasse 212, 8004 Zürich"
" CHF 3,830.– / month",103m² living space ,4.5 rooms ,"Schöneggstrasse 15, 8004 Zürich"
" CHF 6,080.– / month",135m² living space ,4.5 rooms ,"Ankerstrasse 114, 8004 Zürich"
" CHF 6,380.– / month",190m² living space ,8 rooms ,"Hinterbergstrasse 69, 8044 Zürich"
" CHF 3,800.– / month",134m² living space ,5.5 rooms ,"Ferdinand-Hodler-Strasse, 8049 Zürich"
" CHF 4,220.– / month",162m² living space ,4.5 rooms ,"Freigutstrasse 5, 8002 Zürich"
" CHF 3,730.– / month",137m² living space ,6 rooms ,"Nordstrasse 198, 8037 Zürich"
" CHF 6,230.– / month",160m² living space ,5.5 rooms ,"Rüdigerstrasse 5, 8045 Zürich"
" CHF 6,680.– / month",172m² living space ,5.5 rooms ,8038 Zürich
" CHF 5,560.– / month",140m² living space ,5.5 rooms ,"Badenerstrasse 855, 8048 Zürich"
" CHF 2,370.– / month",156m² living space ,5 rooms ,"Leutschenbachstrasse 30, 8050 Zürich"
" CHF 5,640.– / month",172m² living space ,7.5 rooms ,"Hegibachstrasse 36, 8032 Zürich"
" CHF 6,380.– / month",150m² living space ,5.5 rooms ,"Turbinenstrasse 40, 8005 Zürich"
" CHF 3,860.– / month",,3 rooms ,"Schulhausstrasse 55, 8002 Zürich"
" CHF 5,120.– / month",137m² living space ,5 rooms ,"Konradstrasse 71, 8005 Zürich"
" CHF 5,860.– / month",140m² living space ,6 rooms ,"Kreuzstrasse 80, 8032 Zürich"
" CHF 8,090.– / month",220m² living space ,8 rooms ,"Tödistrasse 46, 8002 Zürich"
" CHF 5,860.– / month",153m² living space ,5.5 rooms ,"Sprecherstrasse 5, 8032 Zürich"
" CHF 3,580.– / month",128m² living space ,5.5 rooms ,"Regensbergstrasse 177, 8050 Zürich"
" CHF 3,060.– / month",141m² living space ,5 rooms ,"Altstetterstrasse, 8048 Zürich"
" CHF 7,890.– / month",170m² living space ,7.5 rooms ,"Freiestrasse 206, 8032 Zürich"
" CHF 6,160.– / month",187m² living space ,5.5 rooms ,"Zurlindenstrasse 275, 8003 Zurich"
" CHF 3,710.– / month",134m² living space ,5.5 rooms ,"Ringstrasse 70, 8057 Zürich"
" CHF 5,860.– / month",154m² living space ,5.5 rooms ,"Altenhofstrasse 46, 8008 Zürich"
" CHF 7,490.– / month",140m² living space ,7.5 rooms ,"Altenhofstrasse 46, 8008 Zürich"
" CHF 4,600.– / month",135m² living space ,4.5 rooms ,"Hirslanderstrasse 33, 8032 Zürich"
" CHF 7,720.– / month",210m² living space ,8 rooms ,"Etzelstrasse 31, 8038 Zürich"
" CHF 2,840.– / month",,3.5 rooms ,"Girhaldenstrasse 20, 8048 Zürich"
" CHF 11,730.– / month",180m² living space ,5.5 rooms ,"Storchengasse 12, 8001 Zürich"
" CHF 3,720.– / month",122m² living space ,4.5 rooms ,"Glatttalstrasse 37, 8052 Zürich"
" CHF 4,970.– / month",128m² living space ,4.5 rooms ,"Limmattalstrasse 24A + 24B, 8049 Zürich"
" CHF 5,380.– / month",160m² living space ,4.5 rooms ,"Moussonstrasse 18, 8044 Zürich"
" CHF 6,650.– / month",140m² living space ,6 rooms ,"Ottikerstrasse, 8006 Zürich"
" CHF 5,490.– / month",153m² living space ,5.5 rooms ,"Hofstrasse 133, 8044 Zürich"
" CHF 5,710.– / month",140m² living space ,7.5 rooms ,"Schaffhauserstrasse 449, 8052 Zürich"
" CHF 6,600.– / month",140m² living space ,5.5 rooms ,"Mythenquai 349a, 8038 Zürich"
" CHF 6,790.– / month",160m² living space ,4.5 rooms ,"Mythenquai 353, 8038 Zürich"
" CHF 5,040.– / month",160m² living space ,7.5 rooms ,8046 Zürich
" CHF 6,160.– / month",140m² living space ,5.5 rooms ,"Zollikerstrasse 149, 8008 Zürich"
" CHF 5,490.– / month",183m² living space ,5.5 rooms ,"Badenerstrasse 855, 8048 Zürich"
" CHF 11,130.– / month",220m² living space ,7.5 rooms ,"Brandschenkestrasse, 8002 Zürich"
" CHF 12,220.– / month",230m² living space ,7.5 rooms ,"In der Sommerau 9, 8053 Zürich"
" CHF 6,970.– / month",170m² living space ,6 rooms ,"Höhenweg 19, 8032 Zürich"
" CHF 5,320.– / month",180m² living space ,5.5 rooms ,"Sempacherstrasse 23, 8032 Zürich"
" CHF 3,870.– / month",96m² living space ,3 rooms ,"Wipkingerweg 12, 8037 Zürich"
" CHF 5,120.– / month",130m² living space ,5 rooms ,"Badenerstrasse 310, 8004 Zürich"
" CHF 7,840.– / month",,7.5 rooms ,"Fritz-Fleiner-Weg 7, 8044 Zürich"
" CHF 3,110.– / month",134m² living space ,3 rooms ,"Rosengartenstrasse 55, 8037 Zürich"
" CHF 4,190.– / month",141m² living space ,4.5 rooms ,"Zentralstrasse 153, 8003 Zürich"
" CHF 2,540.– / month",78m² living space ,3.5 rooms ,"Hungerbergstr. 27, 8046 Zürich"
" CHF 4,150.– / month",140m² living space ,5.5 rooms ,"Ruedi Walter-Str. 4a, 8050 Zürich"
" CHF 3,400.– / month",150m² living space ,8 rooms ,"Buchzelgstr. 39, 8053 Zürich"
" CHF 4,070.– / month",124m² living space ,3 rooms ,"Kronenstr. 25, 8006 Zürich"
" CHF 8,240.– / month",160m² living space ,5.5 rooms ,8008 Zürich
" CHF 6,260.– / month",151m² living space ,4.5 rooms ,"Mühlebachstr. 27, 8008 Zürich"
" CHF 4,030.– / month",187m² living space ,6 rooms ,"Buchholzstrasse 133, 8053 Zürich"
" CHF 7,030.– / month",150m² living space ,5.5 rooms ,"Badenerstr. 157, 8004 Zürich"
" CHF 1,940.– / month",22m² living space ,2 rooms ,"Schwamendingenstrasse 93, 8050 Zürich"
" CHF 13,320.– / month",290m² living space ,10.5 rooms ,"Hadlaubstrasse 111, 8006 Zürich"
" CHF 13,360.– / month",240m² living space ,5.5 rooms ,"Utoquai 37, 8008 Zürich"
" CHF 3,050.– / month",103m² living space ,3 rooms ,"Austrasse 60, 8045 Zürich"
" CHF 4,120.– / month",120m² living space ,4.5 rooms ,"Röntgenstrasse 72, 8005 Zürich"
" CHF 8,250.– / month",160m² living space ,5.5 rooms ,"Waldmannstrasse 12A, 8001 Zürich"
" CHF 6,320.– / month",170m² living space ,7.5 rooms ,"Seefeldstrasse 253, 8008 Zürich"
" CHF 4,950.– / month",118m² living space ,3 rooms ,"Steinstrasse 25, 8003 Zürich Wiedikon"
" CHF 4,520.– / month",134m² living space ,5 rooms ,"Schwamendingenstrasse 93, 8050 Zürich"
" CHF 20,470.– / month",310m² living space ,6 rooms ,"Utoquai 37, 8008 Zürich"
" CHF 2,820.– / month",44m² living space ,3.5 rooms ,"Bernerstrasse S 169, 8048 Zürich"
" CHF 11,410.– / month",300m² living space ,10 rooms ,"Bluntschlisteig 1, 8002 Zürich"
" CHF 3,390.– / month",145m² living space ,5 rooms ,"Roswiesenstrasse 183, 8051 Zürich"
" CHF 2,840.– / month",46m² living space ,2 rooms ,"Steinstrasse 27, 8003 Zürich"
" CHF 7,530.– / month",185m² living space ,5.5 rooms ,"Wuhrstrasse 30, 8003 Zürich"
" CHF 2,160.– / month",44m² living space ,3.5 rooms ,"Viktoriastrasse 29, 8057 Zürich"
" CHF 6,470.– / month",170m² living space ,7.5 rooms ,"Bucheggstrasse 130, 8057 Zürich"
" CHF 2,710.– / month",69m² living space ,3.5 rooms ,"Bucheggstrasse 130, 8057 Zürich"
" CHF 3,190.– / month",84m² living space ,3.5 rooms ,"Schulhausstrasse 47, 8002 Zürich"
" CHF 4,180.– / month",124m² living space ,4.5 rooms ,"Dörflistrasse 115, 8050 Zürich"
" CHF 4,490.– / month",134m² living space ,3 rooms ,"Baslerstrasse 77, 8048 Zürich"
" CHF 7,190.– / month",180m² living space ,4.5 rooms ,"Pfingstweidstrasse 98, 8005 Zürich"
" CHF 2,790.– / month",48m² living space ,3.5 rooms ,"Müllerstrasse 76, 8004 Zürich"
" CHF 3,670.– / month",164m² living space ,4.5 rooms ,"Hüttisstr. 8, 8050 Zürich"
" CHF 4,650.– / month",113m² living space ,4.5 rooms ,"Steinstrasse 25, 8003 Zürich"
" CHF 3,340.– / month",124m² living space ,4.5 rooms ,"Felsenrainstrasse 27, 8052 Zürich"
" CHF 4,090.– / month",126m² living space ,4.5 rooms ,"Dörflistrasse 115, 8050 Zürich"
" CHF 3,720.– / month",111m² living space ,4.5 rooms ,"Dörflistrasse 115, 8050 Zürich"
" CHF 7,350.– / month",172m² living space ,7.5 rooms ,"Bolleystrasse 15, 8006 Zürich"
" CHF 3,610.– / month",160m² living space ,5 rooms ,"Dorfbachweg 5, 8049 Zürich"
" CHF 4,970.– / month",156m² living space ,5.5 rooms ,"Allmannstrasse 55, 8052 Zürich"
" CHF 5,370.– / month",145m² living space ,5.5 rooms ,"Rütschistrasse 16, 8037 Zürich"
" CHF 6,120.– / month",140m² living space ,7.5 rooms ,"Allmannstrasse 55, 8052 Zürich, 8052 Zürich"
" CHF 3,280.– / month",99m² living space ,4.5 rooms ,"Allmannstrasse 55, 8052 Zürich, 8052 Zürich"
" CHF 5,500.– / month",96m² living space ,4.5 rooms ,"Rotachstrasse 20, 8003 Zürich"
" CHF 5,500.– / month",115m² living space ,4.5 rooms ,"Kalkbreitestrasse 41, 8003 Zürich"
" CHF 4,230.– / month",122m² living space ,4.5 rooms ,"Eggbühlstrasse 22, 8050 Zürich"
" CHF 3,860.– / month",97m² living space ,3 rooms ,"Langstrasse 13, 8004 Zürich"
" CHF 3,980.– / month",86m² living space ,4.5 rooms ,"Schwendenweg 6, 8003 Zürich"
" CHF 9,100.– / month",230m² living space ,7.5 rooms ,"Plattenstr. 34, 8032 Zürich"
" CHF 2,150.– / month",88m² living space ,3 rooms ,"Dennlerstr. 24, 8047 Zürich"
" CHF 1,900.– / month",75m² living space ,2 rooms ,"Schlossgasse 5, 8003 Zürich"
" CHF 3,980.– / month",97m² living space ,3 rooms ,"Schulhausstrasse 53, 8002 Zürich"
" CHF 2,260.– / month",54m² living space ,2 rooms ,"Aemtlerstr. 18, 8003 Zürich"
" CHF 3,260.– / month",103m² living space ,3 rooms ,"Forchstrasse 131, 8032 Zürich"
" CHF 3,270.– / month",156m² living space ,6 rooms ,"Eierbrechtstrasse 51 53 55, 8053 Zürich"
" CHF 4,430.– / month",128m² living space ,5 rooms ,"Schulhausstrasse 47, 8002 Zürich"
" CHF 2,010.– / month",28m² living space ,2 rooms ,"Universitätsstrasse 110, 8006 Zürich"
" CHF 4,520.– / month",132m² living space ,4.5 rooms ,"Oerlikonerstrasse 87, 8057 Zürich"
" CHF 3,780.– / month",99m² living space ,3 rooms ,"Hochfarbstrasse 14, 8006 Zürich"
" CHF 3,040.– / month",86m² living space ,3 rooms ,"Brauerstrasse 29, 8004 Zürich"
" CHF 3,300.– / month",101m² living space ,3.5 rooms ,"Stampfenbachstr. 131, 8006 Zürich"
" CHF 2,380.– / month",69m² living space ,2 rooms ,"Herrligstrasse 34, 8048 Zürich"
" CHF 5,640.– / month",187m² living space ,7.5 rooms ,"Eggbühlstrasse 9, 8050 Zürich"
" CHF 2,830.– / month",116m² living space ,5 rooms ,"Riedenhaldenstrasse 18, 8046 Zürich"
" CHF 7,680.– / month",200m² living space ,7.5 rooms ,"Bremgartnerstrasse 51, 8003 Zürich"
" CHF 9,550.– / month",190m² living space ,5.5 rooms ,"Genferstr. 24, 8002 Zürich"
" CHF 6,060.– / month",170m² living space ,7.5 rooms ,"Flühgasse 9, 8008 Zürich"
" CHF 3,960.– / month",151m² living space ,4.5 rooms ,"Badenerstrasse 843, 8048 Zürich"
" CHF 5,770.– / month",154m² living space ,5.5 rooms ,"St. Urbangasse 8, 8001 Zürich"
" CHF 8,000.– / month",290m² living space ,11.5 rooms ,"Scheideggstrasse 70, 8002 Zürich"
" CHF 3,820.– / month",181m² living space ,6 rooms ,"Albisstrasse 10, 8038 Zürich"
" CHF 3,960.– / month",90m² living space ,3.5 rooms ,"Russenweg 6a, 8008 Zürich"
" CHF 7,710.– / month",190m² living space ,7.5 rooms ,"Drusbergstrasse 65, 8053 Zürich"
" CHF 5,270.– / month",160m² living space ,5 rooms ,"Hadlaubstrasse 26, 8044 Zürich"
" CHF 5,900.– / month",175m² living space ,3 rooms ,"Hohlstrasse 212, 8004 Zürich"
" CHF 5,020.– / month",145m² living space ,4.5 rooms ,"Bellariastrasse 11, 8002 Zürich"
" CHF 3,390.– / month",99m² living space ,3 rooms ,"Wildbachstrasse 60, 8008 Zürich"
" CHF 4,280.– / month",175m² living space ,5.5 rooms ,"Tuchmacherstrasse 34, 8041 Zürich"
" CHF 7,350.– / month",240m² living space ,7.5 rooms ,"Mühlebachstrasse 72, 8008 Zürich"
" CHF 1,890.– / month",54m² living space ,2 rooms ,"Universitätstr. 73, 8006 Zürich"
" CHF 2,970.– / month",113m² living space ,5 rooms ,"Speerstrasse 47, 8038 Zürich"
" CHF 6,830.– / month",190m² living space ,5.5 rooms ,"Limmatstrasse 258, 8005 Zürich"
" CHF 9,050.– / month",240m² living space ,10 rooms ,"Bergstrasse 76, 8032 Zürich"
" CHF 7,120.– / month",180m² living space ,9 rooms ,"Neptunstrasse 88, 8032 Zürich"
" CHF 2,850.– / month",113m² living space ,5 rooms ,"Ziegelstrasse 20, 8038 Zürich"
" CHF 3,110.– / month",111m² living space ,4.5 rooms ,"Vulkanstrasse 110c, 8048 Zürich"
" CHF 4,720.– / month",151m² living space ,5.5 rooms ,"Schöneggstrasse 15, 8004 Zürich"
" CHF 5,910.– / month",181m² living space ,5.5 rooms ,"Seestrasse 293, 8038 Zürich"
" CHF 2,480.– / month",103m² living space ,4.5 rooms ,"Heerenschürlistrasse 6, 8051 Zürich"
" CHF 3,780.– / month",130m² living space ,4.5 rooms ,"Salerstrasse 23/Tramstrasse 18, 8050 Zürich"
" CHF 12,170.– / month",270m² living space ,7.5 rooms ,"Freiestrasse 182A, 8032 Zürich"
" CHF 3,260.– / month",115m² living space ,4.5 rooms ,"Restelbergstrasse 83, 8044 Zürich"
" CHF 3,240.– / month",128m² living space ,5 rooms ,"Hardaustrasse 21, 8003 Zürich"
" CHF 5,300.– / month",187m² living space ,4.5 rooms ,"Zurlindenstrasse 111, 8003 Zürich"
" CHF 8,530.– / month",190m² living space ,8.5 rooms ,"Volkmarstrasse 4, 8006 Zürich"
" CHF 4,490.– / month",145m² living space ,5.5 rooms ,"Triemlistrasse 153, 8047 Zürich"
" CHF 3,680.– / month",141m² living space ,5.5 rooms ,"Im Glockenacker 59, 8053 Zürich"
" CHF 6,930.– / month",160m² living space ,6 rooms ,"Landoltstrasse 3, 8006 Zürich"
" CHF 5,300.– / month",185m² living space ,4.5 rooms ,"Zurlindenstrasse 111, 8003 Zürich"
" CHF 6,320.– / month",170m² living space ,4.5 rooms ,"Klausstrasse 23, 8008 Zürich"
" CHF 3,210.– / month",134m² living space ,5 rooms ,"Renggerstrasse 57, 8038 Zürich"
" CHF 7,400.– / month",140m² living space ,6 rooms ,"Gladbachstrasse 43, 8044 Zürich"
" CHF 9,130.– / month",160m² living space ,5.5 rooms ,"Zollikerstrasse 147, 8008 Zürich"
" CHF 10,940.– / month",230m² living space ,7.5 rooms ,"Stadelhoferstrasse 38, 8001 Zürich"
" CHF 2,400.– / month",46m² living space ,3.5 rooms ,"Herrligweg 9, 8048 Zürich"
" CHF 9,720.– / month",140m² living space ,8 rooms ,"Clausiusstrasse 60, 8006 Zürich"
" CHF 4,120.– / month",179m² living space ,7.5 rooms ,"Dennlerstr. 24, 8047 Zürich"
" CHF 3,200.– / month",156m² living space ,5.5 rooms ,"Dennlerstr. 22, 8047 Zürich"
" CHF 3,650.– / month",166m² living space ,5.5 rooms ,"Dennlerstr. 22, 8047 Zürich"
" CHF 4,380.– / month",156m² living space ,5 rooms ,"Bederstrasse 82, 8002 Zürich"
" CHF 11,130.– / month",240m² living space ,7.5 rooms ,8053 Zürich
" CHF 4,380.– / month",,8 rooms ,"Imbisbühlstrasse 93, 8049 Zürich"
" CHF 4,030.– / month",137m² living space ,4.5 rooms ,"Gustav Gull Platz 11, 8004 Zürich"
" CHF 4,820.– / month",143m² living space ,5 rooms ,"Weinbergstrasse 68, 8006 Zürich"
" CHF 3,980.– / month",141m² living space ,4.5 rooms ,"Rötelstrasse 6, 8006 Zürich"
" CHF 3,520.– / month",88m² living space ,3 rooms ,"Grubenackerstrasse 71, 8052 Zürich"
" CHF 6,420.– / month",140m² living space ,8 rooms ,"Kinkelstrasse 40, 8006 Zürich"
" CHF 12,370.– / month",290m² living space ,10.5 rooms ,8001 Zürich
" CHF 6,450.– / month",200m² living space ,7.5 rooms ,"Scheideggstrasse 59, 8002 Zürich"
" CHF 7,400.– / month",160m² living space ,7.5 rooms ,"Aemtlerstrasse 74, 8003 Zurich"
" CHF 4,690.– / month",140m² living space ,5.5 rooms ,"Kalkbreitestr. 115, 8003 Zürich"
" CHF 4,340.– / month",134m² living space ,5 rooms ,"Werdstrasse 110, 8004 Zürich"
" CHF 4,380.– / month",105m² living space ,4.5 rooms ,"Untermoosstrasse 1A, 8047 Zürich"
" CHF 4,120.– / month",115m² living space ,4.5 rooms ,8053 Zürich
" CHF 7,090.– / month",,7.5 rooms ,"Zweierstrasse 160, 8003 Zürich"
" CHF 6,310.– / month",162m² living space ,5.5 rooms ,"Gotthardstrasse 53, 8002 Zürich"
" CHF 3,410.– / month",50m² living space ,3.5 rooms ,"Tramstrasse 24, 8050 Zürich"
" CHF 4,150.– / month",170m² living space ,5.5 rooms ,"Küngenmatt 5, 8055 Zürich"
 Price on request ,220m² living space ,7.5 rooms ,"Hagenholzstrasse, 8050 Zürich, 8050 Zürich"
" CHF 5,640.– / month",180m² living space ,5.5 rooms ,8049 Zürich
" CHF 5,690.– / month",170m² living space ,7.5 rooms ,"Neunbrunnenstrasse 53, 8050 Zürich"
" CHF 7,200.– / month",150m² living space ,5.5 rooms ,"Weinbergstrasse 112, 8006 Zürich"
" CHF 5,580.– / month",158m² living space ,5 rooms ,"Hufgasse 19, 8008 Zürich"
" CHF 6,310.– / month",140m² living space ,7.5 rooms ,"Letzigraben 106, 8047 Zürich"
" CHF 4,130.– / month",145m² living space ,5 rooms ,"Langstrasse 206, 8005 Zürich"
" CHF 3,970.– / month",166m² living space ,5.5 rooms ,"Riedhofstrasse 378, 8049 Zürich"
" CHF 5,600.– / month",160m² living space ,7.5 rooms ,"Frohburgstrasse 322, 8057 Zürich"
" CHF 4,950.– / month",149m² living space ,5.5 rooms ,"Mainaustrasse 49, 8008 Zürich"
" CHF 5,020.– / month",126m² living space ,3 rooms ,"Weinbergstrasse 46, 8006 Zürich"
" CHF 5,960.– / month",134m² living space ,5.5 rooms ,"Elisabethenstrasse 28, 8004 Zurich"
" CHF 17,370.– / month",550m² living space ,7.5 rooms ,"Bäckerstrasse 40, 8004 Zürich"
" CHF 5,430.– / month",143m² living space ,5.5 rooms ,"Bucheggstrasse 21, 8037 Zürich"
" CHF 7,410.– / month",180m² living space ,7.5 rooms ,"Wehntalerstrasse 571, 8046 Zürich"
" CHF 3,090.– / month",122m² living space ,5.5 rooms ,"Altstetterstrasse 288, 8047 Zürich"
" CHF 6,160.– / month",135m² living space ,4.5 rooms ,"Haspelstrasse 5, 8041 Zürich"
" CHF 9,050.– / month",187m² living space ,8 rooms ,"Clausiusstrasse 60, 8006 Zürich"
" CHF 9,280.– / month",150m² living space ,8 rooms ,"Clausiusstrasse 60, 8006 Zürich"
" CHF 5,340.– / month",,10.5 rooms ,"Frohalpstrasse 53, 8038 Zürich"
" CHF 5,010.– / month",137m² living space ,5.5 rooms ,"Forchstrasse 284, 8008 Zürich"
" CHF 5,520.– / month",109m² living space ,4.5 rooms ,"Rebgasse 8, 8004 Zürich"
" CHF 6,620.– / month",140m² living space ,7.5 rooms ,"Birmensdorferstrasse 280, 8055 Zürich"
" CHF 6,270.– / month",109m² living space ,3 rooms ,"Zweierstrasse 119, 8003 Zürich"
" CHF 4,770.– / month",61m² living space ,3.5 rooms ,"Zweierstrasse 119, 8003 Zurich"
" CHF 7,150.– / month",109m² living space ,3 rooms ,"Wolframplatz 1, 8045 Zurich"
" CHF 5,060.– / month",,63m² living space ,"Wolframplatz 1, 8045 Zurich"
" CHF 5,210.– / month",,56m² living space ,"Wolframplatz 1, 8045 Zurich"
" CHF 4,440.– / month",,50m² living space ,"Wolframplatz 1, 8045 Zurich"
" CHF 5,980.– / month",,86m² living space ,"Wolframplatz 1, 8045 Zurich"
" CHF 2,870.– / month",128m² living space ,4.5 rooms ,"Affolternstrasse 77, 8050 Zürich"
" CHF 3,350.– / month",164m² living space ,6 rooms ,"Grabenwies 23/25/27, 8057 Zürich"
" CHF 2,500.– / month",77m² living space ,3.5 rooms ,"Knüslistrasse 6, 8004 Zürich"
" CHF 4,170.– / month",78m² living space ,4.5 rooms ,"Berninastrasse 58, 8057 Zürich"
" CHF 3,240.– / month",105m² living space ,4.5 rooms ,"Breitenlooweg 10, 8047 Zürich"
" CHF 8,320.– / month",180m² living space ,8.5 rooms ,"Austrasse 52, 8045 Zürich"
" CHF 3,540.– / month",,5 rooms ,"Döltschiweg 43, 8055 Zürich"
" CHF 3,540.– / month",,4.5 rooms ,"Döltschiweg 31, 8055 Zürich"
" CHF 2,940.– / month",86m² living space ,3.5 rooms ,"Englischviertelstrasse 71, 8032 Zürich"
" CHF 6,930.– / month",140m² living space ,7.5 rooms ,"Austrasse 52, 8045 Zürich"
" CHF 6,690.– / month",170m² living space ,7.5 rooms ,"Forsterstrasse 67, 8044 Zürich"
" CHF 5,140.– / month",160m² living space ,5.5 rooms ,"Winzerhalde 103, 8049 Zürich"
" CHF 2,070.– / month",124m² living space ,4.5 rooms ,"Am Holbrig 12, 8049 Zürich"
" CHF 2,710.– / month",172m² living space ,5.5 rooms ,"Am Holbrig 15, 8049 Zürich"
" CHF 3,340.– / month",75m² living space ,4.5 rooms ,"Rautistrasse 10A, 8047 Zürich"
" CHF 4,500.– / month",164m² living space ,6 rooms ,"Schindlerstrasse 14, 8006 Zürich"
" CHF 4,880.– / month",145m² living space ,5 rooms ,"Seerosenstrasse 5, 8008 Zürich"
" CHF 2,380.– / month",44m² living space ,2 rooms ,"Aprikosenstrasse 5, 8051 Zürich"
" CHF 3,370.– / month",187m² living space ,7.5 rooms ,"Carl Spittelerstr. 59, 8053 Zürich"
" CHF 2,970.– / month",59m² living space ,3.5 rooms ,"Untermoosstrasse 1A, 8047 Zürich"
" CHF 5,560.– / month",124m² living space ,5.5 rooms ,"Untermoosstrasse 1A, 8047 Zürich"
" CHF 2,820.– / month",56m² living space ,3.5 rooms ,"Untermoosstrasse 1, 8047 Zürich"
" CHF 2,670.– / month",48m² living space ,3.5 rooms ,"Untermoosstrasse 1, 8047 Zürich"
" CHF 3,340.– / month",75m² living space ,4.5 rooms ,"Rautistrasse 10A, 8047 Zürich"
" CHF 3,870.– / month",103m² living space ,4.5 rooms ,"Austrasse 46, 8045 Zürich"
" CHF 3,870.– / month",185m² living space ,5.5 rooms ,"Armin-Bollinger-Weg 3, 8050 Zürich"
" CHF 4,600.– / month",,5.5 rooms ,"Sternenstrasse 24, 8002 Zürich"
" CHF 7,570.– / month",,5.5 rooms ,"Zentralstrasse 76B, 8003 Zürich"
" CHF 4,600.– / month",140m² living space ,5.5 rooms ,"Zeltweg 9, 8032 Zürich"
" CHF 4,900.– / month",151m² living space ,4.5 rooms ,"Witikonerstrasse 26, 8032 Zürich"
" CHF 4,900.– / month",88m² living space ,4.5 rooms ,"Badenerstrasse 250, 8004 Zürich"
" CHF 4,600.– / month",111m² living space ,4.5 rooms ,"Badenerstrasse 250, 8004 Zürich"
" CHF 2,820.– / month",149m² living space ,7.5 rooms ,"Balberstrasse 74, 8038 Zürich"
" CHF 4,720.– / month",170m² living space ,3 rooms ,"Max Bill Platz 5, 8050 Zürich"
" CHF 5,190.– / month",160m² living space ,5.5 rooms ,"Hammerstrasse 59, 8032 Zürich"
" CHF 2,610.– / month",101m² living space ,3 rooms ,"Ohmstrasse 16, 8050 Zürich"
" CHF 10,320.– / month",240m² living space ,8 rooms ,"Stapferstrasse 31, 8006 Zürich"
" CHF 4,230.– / month",160m² living space ,4.5 rooms ,"Manessestrasse 6, 8003 Zürich"
" CHF 5,490.– / month",185m² living space ,5.5 rooms ,"Stampfenbachplatz 4, 8006 Zürich"
" CHF 3,520.– / month",154m² living space ,5.5 rooms ,"Greifenseestr. 53, 8050 Zürich"
" CHF 3,410.– / month",120m² living space ,5 rooms ,"Jungholzstrasse 20, 8050 Zürich"
" CHF 7,940.– / month",180m² living space ,7.5 rooms ,"Augustinergasse 38, 8001 Zürich"
" CHF 5,910.– / month",177m² living space ,6 rooms ,"Apollostrasse 21, 8032 Zürich"
" CHF 3,040.– / month",137m² living space ,6 rooms ,"Hirzenbachstrasse 60, 8051 Zürich"
" CHF 5,340.– / month",179m² living space ,5.5 rooms ,"Zurlindenstrasse 111, 8003 Zürich"
" CHF 3,370.– / month",88m² living space ,3 rooms ,"Grubenackerstrasse 71, 8052 Zürich"
" CHF 2,630.– / month",54m² living space ,2 rooms ,"Grubenackerstrasse 71, 8052 Zürich"
" CHF 3,090.– / month",40m² living space ,3 rooms ,"Hildastrasse 1, 8004 Zürich"
" CHF 5,800.– / month",140m² living space ,5.5 rooms ,"Karl-Stauffer-Strasse 1, 8008 Zürich"
" CHF 4,130.– / month",170m² living space ,7.5 rooms ,"Wiesliacher 97, 8053 Zürich"
" CHF 3,240.– / month",130m² living space ,5 rooms ,"Baslerstrasse 119, 8048 Zürich"
" CHF 4,060.– / month",149m² living space ,4.5 rooms ,"Rötelstr. 6, 8006 Zürich"
" CHF 22,270.– / month",340m² living space ,6 rooms ,"Zurich, 8001 ZÃ¼rich"
" CHF 3,240.– / month",113m² living space ,3.5 rooms ,"Altstetterstrasse 178, 8048 Zürich"
" CHF 9,420.– / month",160m² living space ,8 rooms ,"Clausiusstrasse 60, 8006 Zürich"
" CHF 5,860.– / month",170m² living space ,7.5 rooms ,"Wehntalerstrasse 571, 8046 Zürich"
" CHF 3,820.– / month",,44m² living space ,"Albertstrasse 7, 8005 Zürich"
" CHF 3,630.– / month",147m² living space ,5 rooms ,"Stodolastrasse 7, 8053 Zürich"
 Price on request ,290m² living space ,7.5 rooms ,"Lintheschergasse 23, 8001 Zürich"
" CHF 3,520.– / month",,40m² living space ,"Rotachstrasse 33, 8003 Zurich"
" CHF 5,830.– / month",78m² living space ,3 rooms ,"Wolframplatz 1, 8045 Zurich"
" CHF 2,740.– / month",115m² living space ,4.5 rooms ,"Karstlernstrasse 14, 8048 Zürich"
" CHF 3,200.– / month",154m² living space ,5.5 rooms ,"Dennlerstr. 24, 8047 Zürich"
" CHF 3,930.– / month",156m² living space ,5 rooms ,"Kirchenackerweg 13, 8050 Zürich"
" CHF 3,730.– / month",128m² living space ,4.5 rooms ,"Wiesliacher 23, 8053 Zürich"
" CHF 5,950.– / month",170m² living space ,8.5 rooms ,"Wiesliacher 21, 8053 Zürich"
" CHF 4,460.– / month",166m² living space ,5.5 rooms ,"Wiesliacher 23, 8053 Zürich"
" CHF 1,180.– / month",115m² living space ,5 rooms ,"Kiefernweg 34, 8057 Zürich"
" CHF 4,020.– / month",101m² living space ,4.5 rooms ,"Kasinostrasse 10, 8032 Zürich"
" CHF 6,280.– / month",175m² living space ,5.5 rooms ,"Kasinostrasse 10, 8032 Zürich"
" CHF 10,240.– / month",180m² living space ,9 rooms ,"Heliosstrasse 12, 8032 Zürich"
" CHF 2,900.– / month",71m² living space ,3.5 rooms ,"Wiedingstrasse 87a, 8055 Zürich"
" CHF 8,630.– / month",170m² living space ,5.5 rooms ,"Kasinostrasse 8, 8032 Zürich"
" CHF 3,520.– / month",109m² living space ,4.5 rooms ,"Im Isengrind, 8046 Zürich"
" CHF 2,070.– / month",67m² living space ,2 rooms ,"Anemonenstrasse 7, 8047 Zürich"
" CHF 4,950.– / month",137m² living space ,5.5 rooms ,"Seestrasse 434, 8038 Zürich"
" CHF 3,360.– / month",42m² living space ,3.5 rooms ,"Gertrudstrasse 48, 8003 Zürich"
" CHF 4,580.– / month",,6 rooms ,"Nordstrasse 6, 8006 Zürich"
" CHF 3,670.– / month",124m² living space ,5 rooms ,"Nordstrasse 6, 8006 Zürich"
" CHF 1,310.– / month",18m² living space ,2 rooms ,"Freihofstrasse 1, 8048 Zürich"
" CHF 3,210.– / month",120m² living space ,4.5 rooms ,"Badenerstrasse 696, 8048 Zürich"
" CHF 3,700.– / month",134m² living space ,3 rooms ,"Salomon-Vögelin-Strasse 33, 8038 Zürich"
" CHF 2,370.– / month",69m² living space ,2 rooms ,"Rautistrasse 159, 8048 Zürich"
" CHF 3,970.– / month",113m² living space ,4.5 rooms ,"Freiestrasse 131, 8032 Zürich"
" CHF 1,410.– / month",92m² living space ,3 rooms ,"Badenerstr. 725, 8048 Zürich"
" CHF 6,600.– / month",,7.5 rooms ,"Badenerstrasse 853, 8048 Zürich"
" CHF 3,990.– / month",145m² living space ,4.5 rooms ,"Dangelweg 3, 8038 Zürich"
" CHF 3,300.– / month",115m² living space ,5.5 rooms ,"Kügeliloostrasse 26, 8050 Zürich"
" CHF 3,780.– / month",134m² living space ,4.5 rooms ,"Wunderlistrasse 29, 8037 Zürich"
" CHF 5,130.– / month",145m² living space ,5.5 rooms ,"Austrasse 50, 8045 Zürich"
" CHF 3,080.– / month",111m² living space ,4.5 rooms ,"Grosswiesenstrasse 147, 8051 Zürich"
" CHF 3,260.– / month",124m² living space ,5 rooms ,"Altstetterstrasse 280, 8047 Zürich"
" CHF 3,190.– / month",52m² living space ,2 rooms ,"Steinstrasse 35 (S4), 8003 Zürich"
" CHF 2,300.– / month",71m² living space ,2 rooms ,"Knüslistrasse 6, 8004 Zürich"
" CHF 4,280.– / month",124m² living space ,5 rooms ,"Höschgasse 44, 8008 Zürich"
" CHF 4,060.– / month",116m² living space ,2 rooms ,"Schmelzbergstrasse 60, 8044 Zürich"
" CHF 2,930.– / month",77m² living space ,3.5 rooms ,"Asylstr. 11, 8032 Zürich"
" CHF 6,380.– / month",172m² living space ,5.5 rooms ,"Asylstr. 11, 8032 Zürich"
" CHF 6,380.– / month",172m² living space ,5.5 rooms ,"Asylstr. 11, 8032 Zürich"
" CHF 2,790.– / month",,4.5 rooms ,"Winterthurerstrasse 457, 8051 Zürich"
" CHF 3,710.– / month",48m² living space ,3 rooms ,"Badenerstrasse 250, 8052 Zürich"
" CHF 5,130.– / month",,4.5 rooms ,"Waldschulweg 15, 8032 Zürich"
" CHF 6,200.– / month",187m² living space ,5 rooms ,"Leuengasse 4, 8001 Zürich"
" CHF 6,030.– / month",160m² living space ,7.5 rooms ,"Buckhauserstr. 33, 8048 Zurich"
" CHF 8,160.– / month",340m² living space ,11.5 rooms ,"Kurfirstenstrasse 73, 8002 Zürich"
" CHF 8,580.– / month",220m² living space ,8.5 rooms ,"Haldenbachstrasse 30, 8006 Zürich"
" CHF 8,660.– / month",220m² living space ,8.5 rooms ,"Haldenbachstrasse 30, 8006 Zürich"
" CHF 6,540.– / month",140m² living space ,7.5 rooms ,"Restelbergstrasse 64, 8044 Zürich"
" CHF 4,750.– / month",177m² living space ,5 rooms ,"Pflugstr. 20, 8006 Zürich"
" CHF 5,710.– / month",160m² living space ,4.5 rooms ,"Brunaustr. 72, 8002 Zürich"
" CHF 3,440.– / month",160m² living space ,5.5 rooms ,"Auhofstrasse 5, 8051 Zürich"
" CHF 3,680.– / month",92m² living space ,3 rooms ,"Klosbachstr. 50, 8032 Zürich"
" CHF 4,250.– / month",156m² living space ,4.5 rooms ,"Uetlibergstrasse 197, 8045 Zürich"
" CHF 2,590.– / month",,3.5 rooms ,"Rindermarkt 6, 8001 Zürich"
" CHF 3,930.– / month",145m² living space ,5 rooms ,"Waffenplatzstrasse 80, 8002 Zürich"
" CHF 6,160.– / month",190m² living space ,7.5 rooms ,"Buckhauserstr. 23, 8048 Zürich"
" CHF 5,440.– / month",154m² living space ,5.5 rooms ,"Kleinertstrasse 2, 8037 Zürich"
" CHF 4,860.– / month",103m² living space ,4.5 rooms ,"Limmatstrasse 27, 8005 Zürich"
" CHF 5,230.– / month",181m² living space ,4.5 rooms ,"Tobelhofstrasse 242, 8044 Zürich"
" CHF 5,560.– / month",160m² living space ,5.5 rooms ,"Tobelhofstrasse 242, 8044 Zürich"
" CHF 5,290.– / month",158m² living space ,5.5 rooms ,"Tobelhofstrasse 240, 8044 Zürich"
" CHF 5,060.– / month",,50m² living space ,"Brandschenkestrasse 10, 8001 Zürich"
" CHF 4,130.– / month",,54m² living space ,"Albertstrasse 7, 8005 Zürich"
" CHF 6,280.– / month",,92m² living space ,"Cramerstrasse 8-12, 8004 Zurich"
" CHF 6,130.– / month",,58m² living space ,"Bellariastrasse 36, 8002 Zurich"
" CHF 6,130.– / month",,58m² living space ,"Bellariastrasse 36, 8002 Zurich"
" CHF 4,600.– / month",,59m² living space ,"Bellariastrasse 36, 8002 Zurich"
" CHF 7,680.– / month",,134m² living space ,"Wolframplatz 1, 8045 Zurich"
" CHF 3,520.– / month",,46m² living space ,"Binzmühlestr. 50, 8050 Zurich"
" CHF 4,600.– / month",,59m² living space ,"Wolframplatz 1, 8045 Zurich"
" CHF 3,670.– / month",,26m² living space ,"Wolframplatz 1, 8045 Zurich"
" CHF 6,280.– / month",,80m² living space ,"Cramerstrasse 8-12, 8004 Zurich"
" CHF 5,980.– / month",,73m² living space ,"Wolframplatz 1, 8045 Zurich"
" CHF 6,270.– / month",,134m² living space ,"Freyastrasse 8, 8004 Zurich"
" CHF 6,230.– / month",160m² living space ,5.5 rooms ,"Staffelstrasse 3, 8045 Zürich"
" CHF 7,420.– / month",220m² living space ,8.5 rooms ,"Spiserstrasse 15, 8047 Zürich"
" CHF 3,760.– / month",120m² living space ,5 rooms ,"Rotwandstrasse 10, 8004 Zürich"
" CHF 3,750.– / month",115m² living space ,3 rooms ,"Baumgasse 10, 8005 Zürich"
" CHF 1,820.– / month",26m² living space ,2 rooms ,"Badenerstrasse, 8003 Zürich"
" CHF 4,080.– / month",168m² living space ,5.5 rooms ,"Michael-Maggi-Strasse 22, 8046 Zürich"
" CHF 2,770.– / month",134m² living space ,5 rooms ,"Frohburgstrasse 66, 8006 Zurich"
" CHF 5,940.– / month",145m² living space ,5 rooms ,"Klosbachstrasse 88, 8032 Zürich"
" CHF 6,880.– / month",140m² living space ,6 rooms ,"Weinbergstrasse 114, 8006 Zürich"
" CHF 4,670.– / month",140m² living space ,5.5 rooms ,"Buckhauserstr. 37, 8048 Zurich"
" CHF 8,310.– / month",160m² living space ,5.5 rooms ,"Billoweg 3, 8038 Zürich"
" CHF 6,530.– / month",190m² living space ,8.5 rooms ,"Meientalstrasse 79, 8048 Zürich"
" CHF 6,470.– / month",170m² living space ,7.5 rooms ,"Hardstrasse 5, 8004 Zürich"
" CHF 2,930.– / month",80m² living space ,4.5 rooms ,"Hardstrasse 5, 8004 Zürich"
" CHF 2,300.– / month",52m² living space ,3.5 rooms ,"Hardstrasse 5, 8004 Zürich"
" CHF 3,190.– / month",52m² living space ,2 rooms ,"Steinstrasse 35 (S3), 8003 Zürich"
" CHF 8,270.– / month",,7.5 rooms ,"Glockengasse 8, 8001 Zürich"
" CHF 6,510.– / month",160m² living space ,7.5 rooms ,"Aemtlerstrasse, 74, 8003 Zurich"
" CHF 6,310.– / month",170m² living space ,7.5 rooms ,"Leutschenbachstrasse 30 - B702, 8050 Zürich"
" CHF 5,390.– / month",166m² living space ,5.5 rooms ,"Leutschenbachstrasse 30 - B1301, 8050 Zürich"
" CHF 2,930.– / month",77m² living space ,3.5 rooms ,"Asylstr. 11, 8032 Zürich"
" CHF 3,930.– / month",137m² living space ,4.5 rooms ,"Buckhauserstr. 19, 8048 Zurich"
" CHF 4,600.– / month",80m² living space ,4.5 rooms ,"Am Wasser, 8049 Zürich"
" CHF 8,680.– / month",150m² living space ,4.5 rooms ,"Turbinenstrasse 18, 8005 Zürich"
" CHF 5,280.– / month",160m² living space ,5.5 rooms ,"Seestrasse 412, 8038 Zürich"
" CHF 5,230.– / month",168m² living space ,5.5 rooms ,"Leutschenbachstrasse 30 - B1306, 8050 Zürich"
" CHF 8,040.– / month",,7.5 rooms ,"Zürichbergstrasse 191, 8044 Zürich"
" CHF 3,860.– / month",105m² living space ,3 rooms ,"Bergstrasse 109, 8032 Zürich"
" CHF 6,680.– / month",,5.5 rooms ,"Bodmerstrasse 2, 8002 Zürich"
" CHF 3,110.– / month",,5.5 rooms ,"Badenerstrasse 332, 8004 Zürich"
" CHF 4,230.– / month",80m² living space ,3 rooms ,"Kirchgasse 33, 8001 Zürich"
" CHF 5,190.– / month",180m² living space ,6 rooms ,"Hügelstrasse, 8002 Zürich"
" CHF 6,200.– / month",210m² living space ,7.5 rooms ,"363 Schaffhauserstrasse, 8050 Zürich"
" CHF 2,620.– / month",46m² living space ,2 rooms ,"Zielweg 80, 8055 Zürich"
" CHF 5,290.– / month",158m² living space ,5.5 rooms ,"Tobelhofstrasse 242, 8044 Zürich"
" CHF 4,440.– / month",,40m² living space ,"Brandschenkestrasse 10, 8001 Zürich"
" CHF 4,750.– / month",,50m² living space ,"Brandschenkestrasse 10, 8001 Zürich"
" CHF 7,200.– / month",103m² living space ,3 rooms ,"Cramerstrasse 8-12, 8004 Zurich"
" CHF 11,130.– / month",240m² living space ,5.5 rooms ,"Leutschenbachstrasse 30 - B1803, 8050 Zürich"
" CHF 3,980.– / month",,28m² living space ,"Cramerstrasse 8-12, 8004 Zurich"
" CHF 6,290.– / month",,73m² living space ,"Cramerstrasse 2-6, 8004 Zurich"
" CHF 3,210.– / month",,23m² living space ,"Gerechtigkeitsgasse 8, 8001 Zurich"
" CHF 7,820.– / month",,120m² living space ,"Bellariastrasse 36, 8002 Zurich"
" CHF 4,900.– / month",,48m² living space ,"Rotachstrasse 33, 8003 Zurich"
" CHF 6,130.– / month",,84m² living space ,"Bellariastrasse 36, 8002 Zurich"
" CHF 6,430.– / month",94m² living space ,3 rooms ,"Rotachstrasse 33, 8003 Zurich"
" CHF 4,750.– / month",,65m² living space ,"Binzmühlestr. 50, 8050 Zurich"
" CHF 6,130.– / month",,77m² living space ,"Bellariastrasse 36, 8002 Zurich"
" CHF 2,900.– / month",,20m² living space ,"Rotachstrasse 33, 8003 Zurich"
" CHF 5,210.– / month",61m² living space ,3 rooms ,"Wolframplatz 1, 8045 Zurich"
" CHF 3,820.– / month",,28m² living space ,"Cramerstrasse 8-12, 8004 Zurich"
" CHF 4,600.– / month",,44m² living space ,"Gerechtigkeitsgasse 8, 8001 Zurich"
" CHF 3,520.– / month",,46m² living space ,"Binzmühlestr. 48, 8050 Zurich"
" CHF 6,590.– / month",,153m² living space ,"Binzmühlestr. 48, 8050 Zurich"
" CHF 6,590.– / month",,77m² living space ,"Gerechtigkeitsgasse 8, 8001 Zurich"
" CHF 1,930.– / month",,2 rooms ,"Rümlangstrasse 101, 8052 Zürich"
" CHF 1,420.– / month",19m² living space ,2 rooms ,"Im Hagenbrünneli, 8046 Zürich"
" CHF 1,510.– / month",19m² living space ,2 rooms ,"Luegislandstrasse 485, 8051 Zürich"
" CHF 9,820.– / month",220m² living space ,7.5 rooms ,"Signaustrasse 10, 8008 Zürich"
" CHF 7,380.– / month",,5.5 rooms ,"Birmensdorferstrasse 280, 8055 Zürich"
" CHF 5,310.– / month",,5.5 rooms ,"Birmensdorferstrasse 270, 8055 Zürich"
" CHF 13,580.– / month",140m² living space ,5.5 rooms ,"Etzelstrasse 35, 8038 Zürich"
" CHF 4,080.– / month",94m² living space ,3 rooms ,"Scheffelstrasse 3, 8037 Zürich"
" CHF 3,210.– / month",177m² living space ,6 rooms ,"Stettbachstrasse 35, 8051 Zürich"
" CHF 4,450.– / month",153m² living space ,5 rooms ,8046 Zürich
" CHF 4,750.– / month",172m² living space ,6 rooms ,8046 Zürich
" CHF 11,130.– / month",300m² living space ,10 rooms ,8006 Zürich
" CHF 5,560.– / month",172m² living space ,7.5 rooms ,"In der Wässeri 25, 8047 Zürich"
" CHF 3,580.– / month",109m² living space ,3 rooms ,"Steinstrasse 73, 8003 Zürich"
" CHF 3,860.– / month",143m² living space ,5.5 rooms ,"Diggelmannstrasse 27, 8047 Zürich"
" CHF 2,220.– / month",,2 rooms ,"Hofackerstrasse 40, 8032 Zürich"
" CHF 5,060.– / month",,54m² living space ,"Zweierstrasse 24, 8004 Zurich"
" CHF 3,210.– / month",,26m² living space ,"Zweierstrasse 24, 8004 Zurich"
" CHF 4,440.– / month",,42m² living space ,"Zweierstrasse 24, 8004 Zurich"
" CHF 4,750.– / month",,42m² living space ,"Zweierstrasse 24, 8004 Zurich"
" CHF 4,300.– / month",156m² living space ,6 rooms ,"Bertastrasse 69, 8003 Zürich"
" CHF 4,090.– / month",143m² living space ,4.5 rooms ,"Triemlistrasse 89, 8047 Zürich"
" CHF 3,360.– / month",,20m² living space ,"Brandschenkestrasse 10, 8001 Zürich"
" CHF 4,900.– / month",77m² living space ,4.5 rooms ,"Gubelstrasse 64, 8050 Zürich"
" CHF 5,040.– / month",105m² living space ,4.5 rooms ,"Gubelstrasse 64, 8050 Zürich"
" CHF 4,900.– / month",86m² living space ,4.5 rooms ,"Gubelstrasse 64, 8050 Zürich"
" CHF 4,900.– / month",67m² living space ,3 rooms ,"Gubelstrasse 64, 8050 Zürich"
" CHF 5,370.– / month",,101m² living space ,"Binzmühlestr. 50, 8050 Zurich"
" CHF 3,670.– / month",,39m² living space ,"Waffenplatzstrasse 72, 8002 Zurich"
" CHF 3,210.– / month",,23m² living space ,"Cramerstrasse 8-12, 8004 Zurich"
" CHF 6,130.– / month",71m² living space ,3 rooms ,"Cramerstrasse 2-6, 8004 Zurich"
" CHF 3,980.– / month",,39m² living space ,"Cramerstrasse 2-6, 8004 Zurich"
" CHF 6,440.– / month",,73m² living space ,"Militärstrasse 24, 8004 Zurich"
" CHF 4,290.– / month",,50m² living space ,"Militärstrasse 24, 8004 Zurich"
" CHF 4,600.– / month",,69m² living space ,"Binzmühlestr. 48, 8050 Zurich"
" CHF 5,060.– / month",115m² living space ,5 rooms ,"Binzmühlestr. 48, 8050 Zurich"
" CHF 6,440.– / month",,69m² living space ,"Gerechtigkeitsgasse 8, 8001 Zurich"
" CHF 3,210.– / month",,42m² living space ,"Binzmühlestr. 46, 8050 Zurich"
" CHF 3,980.– / month",,54m² living space ,"Freyastrasse 8, 8004 Zurich"
" CHF 4,440.– / month",,63m² living space ,"Freyastrasse 8, 8004 Zurich"
" CHF 4,440.– / month",,46m² living space ,"Rotachstrasse 33, 8003 Zurich"
" CHF 3,820.– / month",,44m² living space ,"Binzmühlestr. 46, 8050 Zurich"
" CHF 5,120.– / month",143m² living space ,5.5 rooms ,"Gubelstrasse 64, 8050 Zürich"
" CHF 5,860.– / month",172m² living space ,6 rooms ,"Gubelstrasse 64, 8050 Zürich"
" CHF 1,570.– / month",16m² living space ,2 rooms ,"Badenerstrasse, 8003 Zürich"
" CHF 9,390.– / month",164m² living space ,3 rooms ,"Bellariastrasse 36, 8002 Zurich"
" CHF 4,290.– / month",,63m² living space ,"Freyastrasse 8, 8004 Zurich"
" CHF 5,680.– / month",,58m² living space ,"Militärstrasse 24, 8004 Zurich"
" CHF 6,280.– / month",,69m² living space ,"Militärstrasse 24, 8004 Zurich"
" CHF 4,600.– / month",,59m² living space ,"Bellariastrasse 36, 8002 Zurich"
" CHF 6,590.– / month",,78m² living space ,"Militärstrasse 24, 8004 Zurich"
" CHF 3,820.– / month",,54m² living space ,"Freyastrasse 8, 8004 Zurich"
" CHF 4,130.– / month",,46m² living space ,"Militärstrasse 24, 8004 Zurich"
" CHF 3,210.– / month",,22m² living space ,"Militärstrasse 24, 8004 Zurich"
" CHF 6,280.– / month",,82m² living space ,"Militärstrasse 24, 8004 Zurich"
" CHF 2,900.– / month",,42m² living space ,"Binzmühlestr. 50, 8050 Zurich"
" CHF 3,050.– / month",,20m² living space ,"Cramerstrasse 8-12, 8004 Zurich"
" CHF 4,440.– / month",,48m² living space ,"Cramerstrasse 8-12, 8004 Zurich"
" CHF 4,750.– / month",,54m² living space ,"Cramerstrasse 2-6, 8004 Zurich"
" CHF 6,280.– / month",88m² living space ,3 rooms ,"Cramerstrasse 2-6, 8004 Zurich"
" CHF 3,050.– / month",,26m² living space ,"Cramerstrasse 2-6, 8004 Zurich"
" CHF 3,820.– / month",,42m² living space ,"Cramerstrasse 2-6, 8004 Zurich"
" CHF 4,600.– / month",,46m² living space ,"Gerechtigkeitsgasse 8, 8001 Zurich"
" CHF 6,280.– / month",69m² living space ,2 rooms ,"Gerechtigkeitsgasse 8, 8001 Zurich"
" CHF 7,520.– / month",88m² living space ,3 rooms ,"Gerechtigkeitsgasse 8, 8001 Zurich"
" CHF 4,600.– / month",,73m² living space ,"Waffenplatzstrasse 72, 8002 Zurich"
" CHF 5,060.– / month",,58m² living space ,"Gerechtigkeitsgasse 8, 8001 Zurich"
" CHF 3,520.– / month",,39m² living space ,"Waffenplatzstrasse 72, 8002 Zurich"
" CHF 3,050.– / month",,18m² living space ,"Waffenplatzstrasse 72, 8002 Zurich"
" CHF 5,830.– / month",,97m² living space ,"Binzmühlestr. 46, 8050 Zurich"
" CHF 2,900.– / month",,25m² living space ,"Binzmühlestr. 48, 8050 Zurich"
" CHF 4,750.– / month",,69m² living space ,"Binzmühlestr. 48, 8050 Zurich"
" CHF 6,280.– / month",,150m² living space ,"Waffenplatzstrasse 72, 8002 Zurich"
" CHF 2,900.– / month",,22m² living space ,"Binzmühlestr. 46, 8050 Zurich"
" CHF 3,670.– / month",,42m² living space ,"Binzmühlestr. 46, 8050 Zurich"
" CHF 7,840.– / month",158m² living space ,5.5 rooms ,"Seefeldstrasse, 8008 Zürich"
" CHF 6,950.– / month",140m² living space ,7.5 rooms ,"Beckhammer 19, 8057 Zürich"
" CHF 2,530.– / month",58m² living space ,2 rooms ,"Minervastrasse 9, 8032 Zürich"
" CHF 4,360.– / month",153m² living space ,4.5 rooms ,"Forchstrasse 279, 8008 Zürich"
" CHF 1,420.– / month",20m² living space ,2 rooms ,"Auhofstrasse, 8051 Zürich"
" CHF 1,580.– / month",20m² living space ,2 rooms ,"Luegislandstrasse, 8051 Zürich"
" CHF 2,150.– / month",23m² living space ,2 rooms ,"Turnerstrasse 37, 8006 Zürich"
" CHF 2,190.– / month",73m² living space ,3.5 rooms ,"Brandschenkestrasse 160, 8002 Zürich"
" CHF 5,120.– / month",172m² living space ,6 rooms ,"Nelkenstrasse 7, 8006 Zürich"
" CHF 4,520.– / month",115m² living space ,4.5 rooms ,"Dufourstrasse 189, 8008 Zürich"
" CHF 2,740.– / month",,3 rooms ,"Dammstrasse 58, 8037 Zürich"
" CHF 3,040.– / month",115m² living space ,3 rooms ,"Probusweg 6, 8057 Zürich"
" CHF 3,540.– / month",134m² living space ,5 rooms ,"Eulenweg 5, 8048 Zürich"
" CHF 5,340.– / month",134m² living space ,5.5 rooms ,"Haldenbachstrasse 21, 8006 Zürich"
" CHF 4,610.– / month",126m² living space ,4.5 rooms ,"Sonnhaldenstrasse 12, 8032 Zürich"
" CHF 3,990.– / month",,140m² living space ,"Badenerstr. 717, 8048 Zürich"
" CHF 2,420.– / month",22m² living space ,2 rooms ,"Turnerstrasse 37, 8006 Zürich"
" CHF 2,820.– / month",77m² living space ,2 rooms ,"Salvatorstrasse 9, 8050 Zürich"
" CHF 2,460.– / month",56m² living space ,2 rooms ,"Bäckerstrasse 20, 8004 Zürich"
" CHF 6,790.– / month",160m² living space ,5.5 rooms ,"Mythenquai 349a, 8038 Zürich"
" CHF 3,410.– / month",134m² living space ,5 rooms ,"Kalkbreitestrasse 99, 8003 Zürich"
" CHF 3,190.– / month",126m² living space ,5 rooms ,"Waffenplatzstr. 21, 8002 Zürich"
" CHF 3,190.– / month",,3.5 rooms ,"Froschaugasse 12, 8001 Zürich"
" CHF 3,040.– / month",115m² living space ,3 rooms ,"Probusweg 6, 8057 Zürich"
" CHF 7,170.– / month",180m² living space ,7.5 rooms ,8048 Zurich
" CHF 1,880.– / month",22m² living space ,2 rooms ,"Häringstrasse 13, 8001 Zürich"
" CHF 5,120.– / month",140m² living space ,5.5 rooms ,"Badenerstrasse 853, 8048 Zürich"
" CHF 3,130.– / month",,5 rooms ,"Rümlangstrasse 65, 8052 Zürich"
" CHF 8,760.– / month",150m² living space ,5.5 rooms ,"Bergstrasse 109, 8032 Zürich"
" CHF 4,560.– / month",56m² living space ,2 rooms ,"Morgartenstrasse 15, 8004 Zürich"
" CHF 4,150.– / month",,5 rooms ,"Starengasse 7, 8052 Zürich"
" CHF 4,020.– / month",147m² living space ,5.5 rooms ,"Schächenstrasse 8, 8048 Zürich"
" CHF 2,970.– / month",,5 rooms ,"Badenerstrasse 332, 8004 Zürich"
" CHF 3,670.– / month",,42m² living space ,"Albertstrasse 7, 8005 Zürich"
" CHF 5,040.– / month",134m² living space ,5.5 rooms ,"Badenerstrasse 362, 8004 Zürich"
" CHF 4,230.– / month",50m² living space ,2 rooms ,"Franklinstrasse 12, 8050 Zürich"
" CHF 2,450.– / month",22m² living space ,2 rooms ,"Gubelstrasse 64, 8050 Zürich"
" CHF 4,560.– / month",115m² living space ,4.5 rooms ,"Gubelstrasse 64, 8050 Zürich"
" CHF 3,080.– / month",39m² living space ,2 rooms ,"Schaffhauserstrasse 137, 8057 Zürich"
" CHF 3,930.– / month",115m² living space ,3 rooms ,"Hanfrose 8, 8055 Zürich"
" CHF 4,600.– / month",115m² living space ,3 rooms ,"Zelgstrasse 19, 8003 Zürich"
" CHF 4,300.– / month",115m² living space ,4.5 rooms ,"Asylstrasse 125, 8032 Zürich"
" CHF 5,040.– / month",134m² living space ,5 rooms ,"Friesstrasse 12, 8050 Zürich"
" CHF 4,080.– / month",77m² living space ,4.5 rooms ,"Friesstrasse 12, 8050 Zürich"
" CHF 4,080.– / month",77m² living space ,4.5 rooms ,"Asylstrasse 125, 8032 Zürich"
" CHF 5,790.– / month",147m² living space ,5 rooms ,"Universitätsstrasse 80/82, 8006 Zürich"
" CHF 5,170.– / month",86m² living space ,5 rooms ,"Zelgstrasse 19, 8003 Zürich"
" CHF 4,380.– / month",58m² living space ,3 rooms ,"Universitätsstrasse 80/82, 8006 Zürich"
" CHF 7,820.– / month",,126m² living space ,"Bellariastrasse 36, 8002 Zurich"
" CHF 6,270.– / month",153m² living space ,5 rooms ,"Hardstrasse 236/238, 8005 Zurich"
" CHF 4,750.– / month",,153m² living space ,"Hardstrasse 236/238, 8005 Zurich"
" CHF 7,040.– / month",103m² living space ,3 rooms ,"Cramerstrasse 8-12, 8004 Zurich"
" CHF 5,210.– / month",,96m² living space ,"Waffenplatzstrasse 72, 8002 Zurich"
" CHF 4,000.– / month",,4.5 rooms ,"Schindlerstrasse 5, 8006 Zürich"
" CHF 5,190.– / month",143m² living space ,4.5 rooms ,"Seestrasse 25, 8002 Zürich"
" CHF 3,860.– / month",134m² living space ,5.5 rooms ,"Müllerstrasse 35, 8004 Zürich"
" CHF 5,840.– / month",140m² living space ,5 rooms ,"Fritz-Fleiner-Weg, 8044 Zürich"
" CHF 2,520.– / month",77m² living space ,3.5 rooms ,"Witikonerstrasse 54, 8032 Zürich"
" CHF 4,200.– / month",84m² living space ,4.5 rooms ,"Berninastrasse 58, 8057 Zürich"
" CHF 4,660.– / month",160m² living space ,7.5 rooms ,"Im oberen Boden 19, 8049 Zürich"
" CHF 3,260.– / month",134m² living space ,5 rooms ,"Farenweg 6, 8038 Zürich"
" CHF 3,030.– / month",,3 rooms ,"Rieterstrasse 87, 8002 Zurigo"
" CHF 2,790.– / month",107m² living space ,4.5 rooms ,"Im Struppen 5, 8048 Zürich"
" CHF 6,020.– / month",181m² living space ,7.5 rooms ,"Clausiusstrasse 62, 8006 Zürich"
" CHF 4,900.– / month",172m² living space ,5.5 rooms ,"Wibichstrasse 88, 8037 Zürich"
" CHF 2,860.– / month",59m² living space ,3.5 rooms ,"Feldstrasse 55, 8004 Zürich"
" CHF 3,070.– / month",162m² living space ,5.5 rooms ,"Albisstrasse 10, 8038 Zürich"
" CHF 8,910.– / month",180m² living space ,5.5 rooms ,"Pfingstweidstrasse 98, 8005 Zürich"
" CHF 1,510.– / month",18m² living space ,2 rooms ,"Felsenrainstrasse, 8052 Zürich"
" CHF 1,610.– / month",25m² living space ,2 rooms ,"Bockhornstrasse, 8047 Zürich"
" CHF 1,560.– / month",,2 rooms ,"Rieterstrasse 87, 8002 Zürich"
" CHF 4,300.– / month",172m² living space ,6 rooms ,"Hammerstrasse 40, 8008 Zürich"
" CHF 5,950.– / month",140m² living space ,5.5 rooms ,"Mutschellenstrasse 144, 8038 Zurich"
" CHF 5,920.– / month",140m² living space ,6 rooms ,"Flühgasse 35, 8008 Zürich"
" CHF 4,150.– / month",126m² living space ,4.5 rooms ,"Winzerstrasse 103, 8049 Zürich"
" CHF 3,870.– / month",,3 rooms ,"Scheuchzerstrasse 66, 8006 Zürich"
" CHF 5,690.– / month",187m² living space ,5.5 rooms ,"Scheuchzerstrasse 66, 8006 Zürich"
" CHF 4,600.– / month",132m² living space ,4.5 rooms ,"Scheuchzerstrasse 66, 8006 Zürich"
" CHF 3,160.– / month",82m² living space ,2 rooms ,"Scheuchzerstrasse 66, 8006 Zürich"
" CHF 3,570.– / month",,4.5 rooms ,"Florastrasse 49, 8008 Zürich"
" CHF 3,150.– / month",166m² living space ,6 rooms ,"In der Wässeri 4, 8047 Zürich"
" CHF 2,460.– / month",63m² living space ,3.5 rooms ,"Zähringerstrasse 29, 8001 Zürich"
" CHF 5,330.– / month",153m² living space ,5.5 rooms ,"Nordstrasse 7, 8006 Zurigo"
" CHF 2,060.– / month",134m² living space ,5.5 rooms ,"Birmensdorferstrasse 38, 8004 Zürich"
" CHF 6,230.– / month",170m² living space ,5.5 rooms ,"Schärenmoosstrasse 76, 8052 Zürich"
" CHF 1,910.– / month",,3.5 rooms ,"Wydäckerring 74, 8047 Zürich"
" CHF 4,600.– / month",109m² living space ,4.5 rooms ,"Im Heuried 70, 8055 Zürich"
" CHF 2,320.– / month",,2 rooms ,"Gubelstrasse 60, 8050 Zürich"
" CHF 2,150.– / month",115m² living space ,5 rooms ,"Apfelbaumstrasse 2, 8050 Zürich"
" CHF 2,790.– / month",96m² living space ,3 rooms ,"Im Brächli 17, 8053 Zürich"
" CHF 1,880.– / month",44m² living space ,2 rooms ,"Ekkehardstrasse 32, 8006 Zürich"
" CHF 3,780.– / month",143m² living space ,3.5 rooms ,"Spinnereiplatz 1, 8041 Zürich"
" CHF 3,150.– / month",82m² living space ,3.5 rooms ,"Turbinenstrasse 46, 8005 Zürich"
" CHF 2,470.– / month",103m² living space ,3 rooms ,"Möhrlistrasse 103, 8006 Zürich"
" CHF 2,940.– / month",,3.5 rooms ,"Waffenplatzstr. 66, 8002 Zürich"
" CHF 1,930.– / month",240m² living space ,10.5 rooms ,"Stiglenstrasse 12, 8052 Zürich"
" CHF 1,060.– / month",18m² living space ,2 rooms ,"Sonneggstrasse 77, 8006 Zürich"
" CHF 7,160.– / month",140m² living space ,7.5 rooms ,"Scheuchzerstrasse 77, 8006 Zürich"
" CHF 2,110.– / month",,2 rooms ,"Hopfenstrasse 17, 8045 Zürich"
" CHF 4,970.– / month",172m² living space ,5.5 rooms ,"Zollikerstrasse 243, 8008 Zürich"
" CHF 3,110.– / month",156m² living space ,6 rooms ,"Loorenstrasse 18, 8053 Zürich"
" CHF 3,650.– / month",168m² living space ,5.5 rooms ,"Michelstrasse 15, 8049 Zürich"
" CHF 4,580.– / month",149m² living space ,5 rooms ,"Zürichbergstrasse 72, 8044 Zürich"
" CHF 3,630.– / month",94m² living space ,3 rooms ,"Scheffelstrasse 3, 8037 Zürich"
 Price on request ,,,"Waffenplatzstrasse 18, 8002 Zürich"
" CHF 3,810.– / month",166m² living space ,6 rooms ,"Forsterstrasse 66, 8044 Zürich"
" CHF 3,930.– / month",77m² living space ,3.5 rooms ,"Baumackerstrasse 8, 8050 Zürich"
" CHF 5,870.– / month",181m² living space ,5.5 rooms ,"Baumackerstrasse 8, 8050 Zürich"
" CHF 1,780.– / month",23m² living space ,2 rooms ,"Scheuchzerstrasse 160, 8057 Zürich"
" CHF 2,190.– / month",26m² living space ,2 rooms ,"Militärstrasse 12, 8004 Zürich"
" CHF 5,060.– / month",,46m² living space ,"Zweierstrasse 24, 8004 Zurich"
" CHF 4,440.– / month",,46m² living space ,"Militärstrasse 24, 8004 Zurich"
" CHF 5,190.– / month",86m² living space ,2 rooms ,"Germaniastrasse 99, 8044 Zürich"
" CHF 3,530.– / month",113m² living space ,3.5 rooms ,"Beckenhofstrasse 6, 8006 Zürich"
" CHF 5,420.– / month",160m² living space ,7.5 rooms ,"Birmensdorferstrasse 93, 8003 Zürich"
" CHF 5,500.– / month",,84m² living space ,"Bellariastrasse 36, 8002 Zurich"
" CHF 5,650.– / month",,88m² living space ,"Bellariastrasse 36, 8002 Zurich"
" CHF 8,610.– / month",,111m² living space ,"Brandschenkestrasse 10, 8001 Zürich"
" CHF 9,230.– / month",,130m² living space ,"Brandschenkestrasse 10, 8001 Zürich"
" CHF 3,360.– / month",,23m² living space ,"Brandschenkestrasse 10, 8001 Zürich"
" CHF 4,000.– / month",71m² living space ,3 rooms ,"Binzmühlestrasse 51, 8050 Zürich"
" CHF 4,380.– / month",115m² living space ,3 rooms ,"Universitätsstrasse 80/82, 8006 Zürich"
" CHF 3,260.– / month",39m² living space ,3.5 rooms ,"Dubsstrasse 30, 8003 Zürich"
" CHF 3,110.– / month",22m² living space ,2 rooms ,"Dubsstrasse 30, 8003 Zürich"
" CHF 3,110.– / month",39m² living space ,2 rooms ,"Morgartenstrasse 15, 8004 Zürich"
" CHF 3,410.– / month",28m² living space ,2 rooms ,"Universitätsstrasse 80/82, 8006 Zürich"
" CHF 3,410.– / month",28m² living space ,2 rooms ,"Universitätsstrasse 80/82, 8006 Zürich"
" CHF 3,410.– / month",40m² living space ,2 rooms ,"Universitätsstrasse 80/82, 8006 Zürich"
" CHF 2,590.– / month",18m² living space ,2 rooms ,"Schaffhauserstrasse 137, 8057 Zürich"
" CHF 4,380.– / month",86m² living space ,3 rooms ,"Zelgstrasse 19, 8003 Zürich"
" CHF 3,630.– / month",48m² living space ,2 rooms ,"Langstrasse 213, 8005 Zürich"
" CHF 4,410.– / month",105m² living space ,4.5 rooms ,"Badenerstrasse 362, 8004 Zürich"
" CHF 5,320.– / month",134m² living space ,5.5 rooms ,"Zelgstrasse 19, 8003 Zürich"
" CHF 4,380.– / month",58m² living space ,3 rooms ,"Universitätsstrasse 80/82, 8006 Zürich"
" CHF 4,750.– / month",143m² living space ,5 rooms ,"Friesstrasse 12, 8050 Zürich"
" CHF 3,410.– / month",40m² living space ,2 rooms ,"Universitätsstrasse 80/82, 8006 Zürich"
" CHF 4,900.– / month",77m² living space ,4.5 rooms ,"Langstrasse 213, 8005 Zürich"
" CHF 4,080.– / month",67m² living space ,3 rooms ,"Langstrasse 213, 8005 Zürich"
" CHF 3,260.– / month",58m² living space ,2 rooms ,"Friesstrasse 12, 8050 Zürich"
" CHF 2,930.– / month",39m² living space ,2 rooms ,"Binzmühlestrasse 51, 8050 Zürich"
" CHF 3,110.– / month",39m² living space ,2 rooms ,"Dubsstrasse 30, 8003 Zürich"
" CHF 4,080.– / month",77m² living space ,3 rooms ,"Friesstrasse 16, 8050 Zürich"
" CHF 4,410.– / month",86m² living space ,3 rooms ,"Zelgstrasse 19, 8003 Zürich"
" CHF 3,110.– / month",58m² living space ,2 rooms ,"Friesstrasse 12, 8050 Zürich"
" CHF 4,080.– / month",77m² living space ,3 rooms ,"Friesstrasse 16, 8050 Zürich"
" CHF 3,110.– / month",26m² living space ,2 rooms ,"Badenerstrasse 362, 8004 Zürich"
" CHF 3,410.– / month",25m² living space ,2 rooms ,"Universitätsstrasse 80/82, 8006 Zürich"
" CHF 3,260.– / month",39m² living space ,2 rooms ,"Morgartenstrasse 15, 8004 Zürich"
" CHF 3,190.– / month",67m² living space ,3.5 rooms ,"Gubelstrasse 64, 8050 Zürich"
" CHF 3,240.– / month",48m² living space ,3.5 rooms ,"Friesstrasse 33, 8050 Zürich"
" CHF 3,240.– / month",48m² living space ,3.5 rooms ,"Friesstrasse 33, 8050 Zürich"
" CHF 3,260.– / month",50m² living space ,3.5 rooms ,"Friesstrasse 16, 8050 Zürich"
" CHF 3,930.– / month",77m² living space ,3 rooms ,"Friesstrasse 8, 8050 Zürich"
" CHF 2,650.– / month",22m² living space ,2 rooms ,"Friesstrasse 8, 8050 Zürich"
" CHF 2,790.– / month",39m² living space ,3.5 rooms ,"Friesstrasse 8, 8050 Zürich"
" CHF 3,680.– / month",39m² living space ,2 rooms ,"Binzmühlestrasse 51, 8050 Zürich"
" CHF 3,560.– / month",58m² living space ,2 rooms ,"Binzmühlestrasse 51, 8050 Zürich"
" CHF 3,340.– / month",48m² living space ,2 rooms ,"Binzmühlestrasse 51, 8050 Zürich"
" CHF 3,110.– / month",39m² living space ,2 rooms ,"Asylstrasse 125, 8032 Zürich"
" CHF 3,110.– / month",42m² living space ,2 rooms ,"Asylstrasse 125, 8032 Zürich"
" CHF 4,600.– / month",,75m² living space ,"Binzmühlestr. 50, 8050 Zurich"
" CHF 4,900.– / month",,65m² living space ,"Binzmühlestr. 50, 8050 Zurich"
" CHF 5,980.– / month",71m² living space ,3 rooms ,"Cramerstrasse 2-6, 8004 Zurich"
" CHF 4,080.– / month",124m² living space ,4.5 rooms ,"Döltschiweg, 8055 Zürich"
" CHF 3,140.– / month",151m² living space ,5.5 rooms ,"Zurlindenstrasse 1, 8003 Zürich"
" CHF 2,950.– / month",86m² living space ,4.5 rooms ,"Zurlindenstrasse 1, 8003 Zürich"
" CHF 3,100.– / month",115m² living space ,4.5 rooms ,"Hädrichstrasse 13, 8047 Zürich"
" CHF 3,410.– / month",115m² living space ,5 rooms ,"Hegibachstrasse, 8032 Zürich"
" CHF 3,980.– / month",,6 rooms ,"Kurvenstrasse 40, 8006 Zürich"
" CHF 5,750.– / month",170m² living space ,7.5 rooms ,"Klebestrasse, 8041 Zurigo"
" CHF 4,150.– / month",134m² living space ,5.5 rooms ,"Bederstrasse, 8002 Zürich"
" CHF 1,850.– / month",,2 rooms ,"Scheffelstrasse, 8037 Zürich"
" CHF 5,470.– / month",175m² living space ,5.5 rooms ,"Germaniastrasse, 8006 Zürich"
" CHF 3,720.– / month",101m² living space ,5.5 rooms ,"Spitalgasse, 8001 Zürich"
 CHF 740.– / week,134m² living space ,5 rooms ,"Kornhausstrasse, 8006 Zürich"
" CHF 4,270.– / month",143m² living space ,5.5 rooms ,"Turnerstrasse 4, 8006 Zürich"
" CHF 7,350.– / month",140m² living space ,4.5 rooms ,"Josefstrasse, 8005 Zürich"
" CHF 5,840.– / month",140m² living space ,5.5 rooms ,"Fritz-Fleiner-Weg, 8044 Zürich"
" CHF 1,780.– / month",39m² living space ,3.5 rooms ,"Burstwiesenstrasse 80, 8055 Zürich"
" CHF 3,260.– / month",153m² living space ,5 rooms ,"Dennlerstrasse, 8047 Zürich"
" CHF 12,370.– / month",290m² living space ,10.5 rooms ,"Sihlstrasse, 8001 Zurich"
" CHF 2,970.– / month",26m² living space ,3.5 rooms ,"Wartauweg, 8049 Zürich"
" CHF 2,670.– / month",107m² living space ,4.5 rooms ,"Am Wasser 97, 8049 Zürich"
" CHF 5,630.– / month",124m² living space ,4.5 rooms ,"Susenbergstrasse 177, 8044 Zürich"
" CHF 3,680.– / month",,3 rooms ,"Friesstrasse 12, 8050 Zürich"
" CHF 4,130.– / month",,3 rooms ,"Friesstrasse 12, 8050 Zürich"
" CHF 2,930.– / month",22m² living space ,2 rooms ,"Asylstrasse 125, 8032 Zürich"
" CHF 2,450.– / month",18m² living space ,2 rooms ,"Badenerstrasse 362, 8004 Zürich"
" CHF 2,150.– / month",15m² living space ,2 rooms ,"Badenerstrasse 362, 8004 Zürich"
" CHF 4,130.– / month",,40m² living space ,"Militärstrasse 24, 8004 Zurich"
" CHF 5,830.– / month",156m² living space ,4.5 rooms ,"Forchstrasse 84, 8008 Zürich"
" CHF 4,580.– / month",149m² living space ,5.5 rooms ,"Zürichbergstrasse 72, 8044 Zürich"
" CHF 2,520.– / month",65m² living space ,2 rooms ,"Breitingerstrasse 35, 8002 Zürich"
" CHF 1,930.– / month",,240m² living space ,"Stiglenstrasse 12, 8052 Zürich"
" CHF 5,910.– / month",183m² living space ,5.5 rooms ,"Arbenzstrasse, 8008 Zürich"
" CHF 4,080.– / month",143m² living space ,4.5 rooms ,"Badenerstrasse 843, 8005 Zürich"
" CHF 8,160.– / month",172m² living space ,5 rooms ,"Bellerivestrasse, 8008 Zürich"
" CHF 1,460.– / month",,39m² living space ,"Kreis 6, 8006 Zürich"
" CHF 3,720.– / month",134m² living space ,4.5 rooms ,"Glattalstrasse 37, 8052 Zürich"
" CHF 4,750.– / month",,5.5 rooms ,"Restelbergstrasse 18, 8044 Zürich"
 CHF 630.– / month,140m² living space ,2 rooms ,"Meinrad-Lienert-Strasse 23, 8003 Zürich"
" CHF 2,670.– / month",58m² living space ,3.5 rooms ,"Badenerstrasse 414, 8004 Zürich"
 Price on request ,140m² living space ,5.5 rooms ,"Binzallee 9, 8055 Zürich"
 Price on request ,128m² living space ,4.5 rooms ,"Binzallee 7, 8055 Zürich"
 Price on request ,140m² living space ,5.5 rooms ,"Binzallee 9, 8055 Zürich"
 Price on request ,200m² living space ,8.5 rooms ,"Binzallee 9, 8055 Zürich"
 Price on request ,180m² living space ,7.5 rooms ,"Binzallee 9, 8055 Zürich"
" CHF 4,130.– / month",,5.5 rooms ,"Franklinstrasse 31, 8050 Zürich"
" CHF 2,890.– / month",115m² living space ,3 rooms ,"Albulastrasse 52, 8048 Zürich"
" CHF 4,440.– / month",140m² living space ,4.5 rooms ,"Forchstrasse 331, 8008 Zürich"
" CHF 2,370.– / month",,26m² living space ,"Seebahnstrasse 123, 8003 Zürich"
" CHF 3,260.– / month",130m² living space ,4.5 rooms ,"Kreis 4, 8004 Zürich"
" CHF 3,600.– / month",143m² living space ,4.5 rooms ,"Guggerweg 3, 8057 Zürich"
" CHF 2,720.– / month",122m² living space ,3 rooms ,"Langgrütstrasse 54, 8047 Zürich"
" CHF 6,310.– / month",183m² living space ,7.5 rooms ,"Rötelstrasse 11, 8006 Zürich"
" CHF 1,630.– / month",,18m² living space ,"Imbisbühlstr. 146, 8049 Zürich"
" CHF 1,640.– / month",,2 rooms ,"Universitätstrasse 81, 8006 Zürich"
" CHF 8,760.– / month",140m² living space ,5.5 rooms ,8004 Zürich
" CHF 4,300.– / month",160m² living space ,5.5 rooms ,"Käferholzstrasse 30, 8057 Zürich"
" CHF 1,480.– / month",,25m² living space ,"Ueberlandstrasse 287, 8051 Zürich"
" CHF 4,090.– / month",143m² living space ,4.5 rooms ,"In der Ey 29, 8047 Zürich"
" CHF 6,470.– / month",210m² living space ,7.5 rooms ,"Frauentalweg 102, 8045 Zürich"
" CHF 5,010.– / month",,5.5 rooms ,"Schaffhauserstrasse 81, 8057 Zürich"
" CHF 2,740.– / month",69m² living space ,3 rooms ,"Elisabethenstrasse 10-14, 8004 Zürich"
" CHF 5,010.– / month",,5.5 rooms ,8057 Zurich
" CHF 2,670.– / month",61m² living space ,3.5 rooms ,8057 Zürich
" CHF 3,780.– / month",,5.5 rooms ,8004 Zürich
" CHF 5,340.– / month",170m² living space ,7.5 rooms ,"Klebestrasse, 8041 Zürich"
" CHF 3,110.– / month",134m² living space ,5.5 rooms ,"Limmatstrasse, 8005 Zürich"
" CHF 5,620.– / month",143m² living space ,5.5 rooms ,8032 Zurich
" CHF 4,830.– / month",162m² living space ,5.5 rooms ,"Baurstrasse, 8008 Zürich"
" CHF 2,770.– / month",134m² living space ,5 rooms ,"heinrich-federer-strasse, 8038 Zürich"
" CHF 1,460.– / month",26m² living space ,2 rooms ,"Gubelstrasse, 8050 Zürich"
" CHF 2,820.– / month",,4.5 rooms ,"Bodenacker, 8046 Zürich"
" CHF 1,700.– / month",,2 rooms ,"471 Hohlstrasse 8048, 8048 Zürich"
" CHF 4,080.– / month",134m² living space ,4.5 rooms ,"Zurlindenstrasse 120, 8003 Zürich"
" CHF 5,840.– / month",140m² living space ,5.5 rooms ,"Zürichberg, 8044 Zürich"
" CHF 1,780.– / month",,,"Bucheggstrasse, 8037 Zürich"
" CHF 3,710.– / month",153m² living space ,5.5 rooms ,"Ausstellungsstrasse, 8005 Zürich"
" CHF 3,980.– / month",160m² living space ,3.5 rooms ,8008 Zürich
" CHF 3,560.– / month",120m² living space ,5 rooms ,"Müllerstrasse, 8004 Zürich"
" CHF 3,710.– / month",179m² living space ,7.5 rooms ,"Herrligstrasse, 8048 Zürich"
" CHF 4,750.– / month",,5.5 rooms ,"Rotachstrasse, 8003 Zürich"
" CHF 4,440.– / month",172m² living space ,4.5 rooms ,"Gräbligasse, 8001 Zürich"
" CHF 2,070.– / month",153m² living space ,4.5 rooms ,"sihlhallenstrasse, 8004 Zürich"
" CHF 4,430.– / month",115m² living space ,4.5 rooms ,"Limmatquai, 8001 Zürich"
" CHF 5,120.– / month",140m² living space ,5.5 rooms ,"Flurstrasse close to Hohlstrasse, 8048 Zürich"
" CHF 4,600.– / month",140m² living space ,6 rooms ,8032 Zürich
" CHF 3,240.– / month",88m² living space ,3 rooms ,8001 Zürich
" CHF 2,370.– ",96m² living space ,4.5 rooms ,8055 Zürich
" CHF 2,820.– ",140m² living space ,7.5 rooms ,8049 Zürich
" CHF 4,230.– ",134m² living space ,4.5 rooms ,8038 Zürich
" CHF 5,790.– ",160m² living space ,5.5 rooms ,8008 Zürich
" CHF 4,610.– ",140m² living space ,7.5 rooms ,8004 Zürich
" CHF 4,600.– ",140m² living space ,7.5 rooms ,8004 Zürich
" CHF 6,170.– ",190m² living space ,8.5 rooms ,8032 Zürich
" CHF 4,900.– ",134m² living space ,5 rooms ,8004 Zürich
" CHF 3,860.– / month",160m² living space ,8.5 rooms ,8048 Zürich
" CHF 1,330.– / month",,,"Wehntalerstrasse 566, 8046 Zürich"
" CHF 1,270.– / month",,,"8051, 8051 Zürich"
" CHF 13,360.– / month",280m² living space ,11.5 rooms ,8044 Zürich
" CHF 3,710.– / month",124m² living space ,4.5 rooms ,"Tramstrasse, 8050 Zürich"
" CHF 1,180.– / month",58m² living space ,2 rooms ,"idastrasse, 8003 Zürich"
" CHF 1,420.– / month",,15m² living space ,"Ackersteinstrasse, 8049 Zürich"
" CHF 1,630.– / month",,,"Oerlikon, 8050 Zürich"
" CHF 5,890.– / month",170m² living space ,7.5 rooms ,8049 Zürich
" CHF 3,340.– / month",128m² living space ,4.5 rooms ,8052 Zürich
" CHF 3,710.– / month",134m² living space ,4.5 rooms ,8053 Zürich
" CHF 1,630.– / month",,22m² living space ,"mirabellenstrasse 4, 8048 Zürich"
" CHF 1,330.– / month",,,8050 Zürich
" CHF 4,150.– / month",172m² living space ,5.5 rooms ,8055 Zürich
" CHF 4,300.– / month",160m² living space ,7.5 rooms ,8004 Zürich
" CHF 3,520.– / month",124m² living space ,5 rooms ,"Birmensdorferstrasse, 8055 Zürich"
" CHF 1,410.– / month",,,8045 Zürich
" CHF 1,480.– / month",,39m² living space ,"Ueberlandstrasse, 8051 Zürich"
 CHF 170.– / month,,,8004 Zürich
" CHF 1,180.– / month",,,8046 Zürich
" CHF 3,460.– / month",,137m² living space ,"Schauenbergstrasse 30, 8046 Zürich"
" CHF 5,160.– / month",160m² living space ,5.5 rooms ,"Schauenbergstrasse 32, 8046 Zürich"
" CHF 2,810.– / month",,5 rooms ,8055 Zürich
